column_name,column_description,table_name,values
synthetic_patient_id,Synthetic patient identifier used only for testing.,patient_demographics,"['SYN-DM-0001', 'SYN-DM-0002', 'SYN-DM-0003']"
age,Synthetic age.,patient_demographics,"['62', '91', '28', '74']"
sex_at_birth,Synthetic sex-at-birth category.,patient_demographics,"['Female', 'Male', 'Intersex', 'Unknown']"
race_group,Synthetic race category.,patient_demographics,"['Asian', 'Black', 'White', 'Other', 'Unknown']"
ethnicity_group,Synthetic ethnicity category.,patient_demographics,"['Hispanic or Latino', 'Not Hispanic or Latino', 'Unknown']"
preferred_language,Synthetic preferred language for care.,patient_demographics,"['English', 'Spanish', 'Mandarin', 'Other']"
insurance_type,Synthetic insurance coverage category.,patient_demographics,"['Commercial', 'Medicare', 'Medicaid', 'Self-pay']"
smoking_status,Synthetic tobacco-use status.,patient_demographics,"['Never', 'Former', 'Current', 'Unknown']"
body_mass_index_group,Synthetic body mass index category.,patient_demographics,"['Underweight', 'Normal', 'Overweight', 'Obesity']"
residential_setting,Synthetic residential setting.,patient_demographics,"['Urban', 'Suburban', 'Rural', 'Unknown']"
diabetes_type,Synthetic diabetes classification.,diabetes_history,"['Type 1', 'Type 2', 'Gestational', 'Other']"
diabetes_duration_years,Synthetic number of years since diabetes diagnosis.,diabetes_history,"['1', '5', '12', '25']"
age_at_diabetes_diagnosis,Synthetic age at diabetes diagnosis in years.,diabetes_history,"['12', '34', '51', '68']"
diabetes_control_status,Synthetic summary of glycemic control.,diabetes_history,"['At goal', 'Above goal', 'Unknown']"
insulin_use_status,Synthetic current insulin-use indicator.,diabetes_history,"['Yes', 'No']"
glucose_monitoring_method,Synthetic glucose-monitoring method.,diabetes_history,"['Fingerstick', 'Continuous monitor', 'Both', 'None']"
hypoglycemia_history,Synthetic history of clinically significant hypoglycemia.,diabetes_history,"['Yes', 'No', 'Unknown']"
diabetic_neuropathy_status,Synthetic diabetic neuropathy status.,diabetes_history,"['Present', 'Absent', 'Unknown']"
diabetic_nephropathy_status,Synthetic diabetic nephropathy status.,diabetes_history,"['Present', 'Absent', 'Unknown']"
diabetic_foot_disease_status,Synthetic diabetic foot disease status.,diabetes_history,"['Present', 'Absent', 'Unknown']"
hba1c_percent,Synthetic glycated hemoglobin percentage.,metabolic_laboratory,"['5.8', '7.1', '8.6', '10.2']"
fasting_glucose_mg_dl,Synthetic fasting glucose result in milligrams per deciliter.,metabolic_laboratory,"['88', '126', '174', '245']"
random_glucose_mg_dl,Synthetic random glucose result in milligrams per deciliter.,metabolic_laboratory,"['102', '168', '231', '310']"
serum_creatinine_mg_dl,Synthetic serum creatinine result in milligrams per deciliter.,metabolic_laboratory,"['0.7', '1.0', '1.5', '2.3']"
egfr_ml_min_1_73m2,Synthetic estimated glomerular filtration rate.,metabolic_laboratory,"['28', '52', '76', '102']"
urine_albumin_creatinine_ratio,Synthetic urine albumin-to-creatinine ratio.,metabolic_laboratory,"['8', '34', '118', '420']"
ldl_cholesterol_mg_dl,Synthetic low-density lipoprotein cholesterol result.,metabolic_laboratory,"['62', '91', '128', '174']"
hdl_cholesterol_mg_dl,Synthetic high-density lipoprotein cholesterol result.,metabolic_laboratory,"['32', '46', '58', '71']"
triglycerides_mg_dl,Synthetic triglyceride result.,metabolic_laboratory,"['88', '149', '226', '410']"
laboratory_fasting_status,Synthetic fasting status at specimen collection.,metabolic_laboratory,"['Fasting', 'Non-fasting', 'Unknown']"
systolic_blood_pressure_mm_hg,Synthetic systolic blood pressure measurement.,systemic_vitals,"['108', '126', '148', '172']"
diastolic_blood_pressure_mm_hg,Synthetic diastolic blood pressure measurement.,systemic_vitals,"['64', '78', '92', '104']"
blood_pressure_control_status,Synthetic blood pressure control category.,systemic_vitals,"['Controlled', 'Elevated', 'Unknown']"
heart_rate_bpm,Synthetic heart rate in beats per minute.,systemic_vitals,"['58', '72', '86', '104']"
weight_kg,Synthetic body weight in kilograms.,systemic_vitals,"['54.2', '72.8', '91.4', '118.0']"
height_cm,Synthetic body height in centimeters.,systemic_vitals,"['152', '165', '178', '190']"
waist_circumference_cm,Synthetic waist circumference in centimeters.,systemic_vitals,"['72', '88', '104', '126']"
antihypertensive_use,Synthetic antihypertensive medication-use indicator.,systemic_vitals,"['Yes', 'No']"
lipid_lowering_therapy_use,Synthetic lipid-lowering therapy indicator.,systemic_vitals,"['Yes', 'No']"
cardiovascular_disease_history,Synthetic cardiovascular disease history.,systemic_vitals,"['Present', 'Absent', 'Unknown']"
visual_acuity_logmar_od,Synthetic right-eye visual acuity in logMAR units.,eye_examination,"['-0.10', '0.00', '0.30', '1.00']"
visual_acuity_logmar_os,Synthetic left-eye visual acuity in logMAR units.,eye_examination,"['-0.10', '0.10', '0.40', '1.30']"
intraocular_pressure_od_mm_hg,Synthetic right-eye intraocular pressure.,eye_examination,"['10', '15', '21', '28']"
intraocular_pressure_os_mm_hg,Synthetic left-eye intraocular pressure.,eye_examination,"['11', '16', '22', '29']"
lens_status_od,Synthetic right-eye lens status.,eye_examination,"['Phakic', 'Pseudophakic', 'Aphakic']"
lens_status_os,Synthetic left-eye lens status.,eye_examination,"['Phakic', 'Pseudophakic', 'Aphakic']"
pupil_dilation_status,Synthetic pupil dilation status during examination.,eye_examination,"['Dilated', 'Not dilated']"
anterior_segment_finding,Synthetic anterior segment summary.,eye_examination,"['Normal', 'Cataract', 'Inflammation', 'Other']"
vitreous_clarity,Synthetic vitreous clarity category.,eye_examination,"['Clear', 'Mild haze', 'Dense opacity']"
exam_quality,Synthetic overall eye examination quality.,eye_examination,"['Good', 'Acceptable', 'Limited']"
retinopathy_stage_od,Synthetic right-eye diabetic retinopathy stage.,diabetic_retinopathy,"['None', 'Mild NPDR', 'Moderate NPDR', 'Severe NPDR', 'PDR']"
retinopathy_stage_os,Synthetic left-eye diabetic retinopathy stage.,diabetic_retinopathy,"['None', 'Mild NPDR', 'Moderate NPDR', 'Severe NPDR', 'PDR']"
macular_edema_status_od,Synthetic right-eye diabetic macular edema status.,diabetic_retinopathy,"['Absent', 'Non-center-involving', 'Center-involving']"
macular_edema_status_os,Synthetic left-eye diabetic macular edema status.,diabetic_retinopathy,"['Absent', 'Non-center-involving', 'Center-involving']"
retinal_hemorrhage_status,Synthetic retinal hemorrhage status.,diabetic_retinopathy,"['Present', 'Absent']"
microaneurysm_status,Synthetic retinal microaneurysm status.,diabetic_retinopathy,"['Present', 'Absent']"
cotton_wool_spot_status,Synthetic cotton-wool spot status.,diabetic_retinopathy,"['Present', 'Absent']"
neovascularization_status,Synthetic retinal or disc neovascularization status.,diabetic_retinopathy,"['Present', 'Absent']"
vitreous_hemorrhage_status,Synthetic vitreous hemorrhage status.,diabetic_retinopathy,"['Present', 'Absent']"
retinopathy_laterality,Synthetic laterality of diabetic retinopathy.,diabetic_retinopathy,"['None', 'Right', 'Left', 'Bilateral']"
central_subfield_thickness_od_um,Synthetic right-eye central retinal thickness in micrometers.,retinal_imaging,"['214', '276', '342', '518']"
central_subfield_thickness_os_um,Synthetic left-eye central retinal thickness in micrometers.,retinal_imaging,"['209', '284', '351', '502']"
intraretinal_fluid_od,Synthetic right-eye intraretinal fluid status.,retinal_imaging,"['Present', 'Absent']"
intraretinal_fluid_os,Synthetic left-eye intraretinal fluid status.,retinal_imaging,"['Present', 'Absent']"
subretinal_fluid_od,Synthetic right-eye subretinal fluid status.,retinal_imaging,"['Present', 'Absent']"
subretinal_fluid_os,Synthetic left-eye subretinal fluid status.,retinal_imaging,"['Present', 'Absent']"
hard_exudate_burden,Synthetic hard-exudate burden category.,retinal_imaging,"['None', 'Low', 'Moderate', 'High']"
fundus_image_gradability,Synthetic fundus photograph gradability.,retinal_imaging,"['Gradable', 'Partially gradable', 'Ungradable']"
oct_signal_strength,Synthetic optical coherence tomography signal score.,retinal_imaging,"['3', '5', '7', '9']"
imaging_device_type,Synthetic retinal imaging device category.,retinal_imaging,"['Fundus camera', 'OCT', 'Ultra-widefield', 'OCT angiography']"
anti_vegf_agent,Synthetic anti-VEGF treatment category.,ocular_treatment,"['Aflibercept', 'Bevacizumab', 'Ranibizumab', 'None']"
anti_vegf_injection_count,Synthetic cumulative intravitreal anti-VEGF injection count.,ocular_treatment,"['0', '1', '6', '18']"
focal_laser_status,Synthetic focal or grid laser treatment status.,ocular_treatment,"['Completed', 'Planned', 'Not indicated']"
panretinal_photocoagulation_status,Synthetic panretinal photocoagulation status.,ocular_treatment,"['Completed', 'Partial', 'Planned', 'Not indicated']"
intravitreal_steroid_status,Synthetic intravitreal steroid treatment status.,ocular_treatment,"['Given', 'Planned', 'Not given']"
vitrectomy_status,Synthetic pars plana vitrectomy status.,ocular_treatment,"['Completed', 'Planned', 'Not indicated']"
cataract_surgery_status,Synthetic cataract surgery status.,ocular_treatment,"['Completed', 'Planned', 'Not indicated']"
treatment_eye,Synthetic laterality of ocular treatment.,ocular_treatment,"['Right', 'Left', 'Bilateral', 'Neither']"
last_treatment_response,Synthetic response to the most recent ocular treatment.,ocular_treatment,"['Improved', 'Stable', 'Worsened', 'Not assessed']"
treatment_adverse_event,Synthetic adverse-event category after ocular treatment.,ocular_treatment,"['None', 'Inflammation', 'Pressure rise', 'Other']"
glucose_lowering_regimen,Synthetic glucose-lowering treatment regimen.,diabetes_medication,"['Lifestyle only', 'Oral agents', 'Injectable non-insulin', 'Insulin']"
metformin_use,Synthetic metformin-use indicator.,diabetes_medication,"['Yes', 'No']"
sglt2_inhibitor_use,Synthetic SGLT2 inhibitor-use indicator.,diabetes_medication,"['Yes', 'No']"
glp1_receptor_agonist_use,Synthetic GLP-1 receptor agonist-use indicator.,diabetes_medication,"['Yes', 'No']"
basal_insulin_use,Synthetic basal insulin-use indicator.,diabetes_medication,"['Yes', 'No']"
prandial_insulin_use,Synthetic mealtime insulin-use indicator.,diabetes_medication,"['Yes', 'No']"
medication_adherence_level,Synthetic diabetes medication adherence category.,diabetes_medication,"['High', 'Moderate', 'Low', 'Unknown']"
medication_change_at_visit,Synthetic indicator of diabetes medication change.,diabetes_medication,"['Yes', 'No']"
steroid_exposure_status,Synthetic systemic or ocular steroid exposure status.,diabetes_medication,"['Current', 'Past', 'Never']"
medication_review_status,Synthetic medication reconciliation status.,diabetes_medication,"['Complete', 'Incomplete', 'Not performed']"
visit_type,Synthetic ophthalmology visit category.,care_encounters,"['Screening', 'Routine follow-up', 'Urgent', 'Post-procedure']"
referral_source,Synthetic source of the ophthalmology referral.,care_encounters,"['Primary care', 'Endocrinology', 'Optometry', 'Self-referral']"
days_since_last_eye_exam,Synthetic interval since the prior eye examination.,care_encounters,"['30', '180', '365', '730']"
follow_up_interval_months,Synthetic recommended follow-up interval.,care_encounters,"['1', '3', '6', '12']"
retina_specialist_involved,Synthetic indicator of retina specialist involvement.,care_encounters,"['Yes', 'No']"
endocrinology_follow_up_status,Synthetic endocrinology follow-up status.,care_encounters,"['Active', 'Pending', 'None']"
diabetes_education_status,Synthetic diabetes education status.,care_encounters,"['Completed', 'Scheduled', 'Declined', 'Not offered']"
missed_appointment_history,Synthetic history of missed eye-care appointments.,care_encounters,"['Yes', 'No']"
urgent_return_precaution_given,Synthetic indicator that urgent return precautions were provided.,care_encounters,"['Yes', 'No']"
care_plan_status,Synthetic multidisciplinary care-plan status.,care_encounters,"['Active', 'Pending', 'Completed']"
